{
  "dataset": {
    "total_samples": 9527,
    "features": [
      "AT",
      "V",
      "AP",
      "RH"
    ],
    "target": "PE",
    "train_size": 6668,
    "val_size": 1429,
    "test_size": 1430
  },
  "feature_ranges": {
    "AT": {
      "min": 1.81,
      "max": 37.11,
      "mean": 19.65822504461006,
      "std": 7.444397078136742
    },
    "V": {
      "min": 25.36,
      "max": 81.56,
      "mean": 54.29342080403065,
      "std": 12.686309009374435
    },
    "AP": {
      "min": 992.89,
      "max": 1033.3,
      "mean": 1013.2370840768342,
      "std": 5.9405260647572895
    },
    "RH": {
      "min": 25.56,
      "max": 100.16,
      "mean": 73.33495119135091,
      "std": 14.60751325291208
    }
  },
  "ann_config": {
    "architecture": "4 -> 256 -> BN -> LReLU -> D(0.15) -> 128 -> BN -> LReLU -> D(0.15) -> 64 -> BN -> LReLU -> D(0.15) -> 32 -> BN -> LReLU -> D(0.15) -> 1",
    "optimizer": "Adam",
    "learning_rate": 0.001,
    "batch_size": 64,
    "best_epoch": 89,
    "total_params": 45505
  },
  "model_results": {
    "ANN (PyTorch)": {
      "MAE": 3.7592,
      "MSE": 27.8186,
      "RMSE": 5.2743,
      "R2": 0.9067,
      "MAPE": 0.83
    },
    "Linear Regression": {
      "MAE": 3.58,
      "MSE": 19.8951,
      "RMSE": 4.4604,
      "R2": 0.9332,
      "MAPE": 0.79
    },
    "SVR (RBF)": {
      "MAE": 2.876,
      "MSE": 13.8903,
      "RMSE": 3.727,
      "R2": 0.9534,
      "MAPE": 0.63
    },
    "Random Forest": {
      "MAE": 2.2974,
      "MSE": 9.8442,
      "RMSE": 3.1375,
      "R2": 0.967,
      "MAPE": 0.51
    },
    "XGBoost": {
      "MAE": 2.2635,
      "MSE": 9.2144,
      "RMSE": 3.0355,
      "R2": 0.9691,
      "MAPE": 0.5
    }
  },
  "feature_importance": {
    "AT": 0.894,
    "V": 0.0679,
    "AP": 0.0196,
    "RH": 0.0185
  },
  "shap_importance": {
    "AT": 12.278900146484375,
    "V": 3.2204999923706055,
    "AP": 0.8773999810218811,
    "RH": 0.8686000108718872
  },
  "training_history": {
    "train_losses": [
      205439.2318,
      203200.1685,
      200236.1156,
      196337.39,
      191642.5292,
      185848.8626,
      179457.6705,
      172404.5226,
      164732.5299,
      156721.1016,
      148540.8249,
      139908.2446,
      131111.2074,
      122203.8473,
      113211.9893,
      104484.0029,
      95608.4568,
      87175.3039,
      78733.5437,
      71051.6375,
      63410.5315,
      56194.5424,
      48892.5789,
      42706.8074,
      35932.4273,
      29861.7184,
      24375.4022,
      19065.4029,
      14903.4094,
      11318.8216,
      8061.9049,
      5805.5248,
      4135.3915,
      3211.5581,
      2571.5295,
      2097.6158,
      1966.1957,
      1854.7595,
      1855.4521,
      1820.0448,
      1802.6968,
      1809.2359,
      1755.4314,
      1746.3135,
      1775.2727,
      1701.6207,
      1697.8609,
      1716.8169,
      1637.3848,
      1711.2591,
      1607.1847,
      1580.8322,
      1597.9844,
      1607.3301,
      1605.4919,
      1645.4551,
      1602.8065,
      1534.3777,
      1563.1536,
      1560.7219,
      1564.9977,
      1601.9571,
      1545.6217,
      1751.6459,
      1581.463,
      1495.8289,
      1574.0422,
      1559.4364,
      1709.7688,
      1555.916,
      1518.1381,
      1507.8124,
      1457.9636,
      1644.9741,
      1457.7759,
      1442.9209,
      1675.5054,
      1726.4778,
      1522.434,
      1580.4176,
      1620.7433,
      1508.9665,
      1601.3236,
      1476.2671,
      1499.5531,
      1481.5767,
      1630.3745,
      1493.274,
      1607.3839,
      1401.1193,
      1603.7367,
      1452.747,
      1427.8611,
      1435.4087,
      1555.1521,
      1565.2931,
      1503.9914,
      1752.763,
      1728.4447,
      1408.1812,
      1546.6353,
      1529.1147,
      1577.258,
      1437.987,
      1445.4058,
      1642.8624,
      1417.6922,
      1683.3108,
      1495.7664,
      1537.2314,
      1516.2576,
      1519.1913,
      1438.9399,
      1355.2949,
      1416.3234,
      1399.1001,
      1501.7173,
      1384.8587,
      1423.6011
    ],
    "val_losses": [
      204356.3471,
      201868.0666,
      198659.2038,
      194702.8906,
      189845.2357,
      183214.1542,
      176691.2147,
      169197.1236,
      161137.2758,
      154310.6861,
      145354.0258,
      136065.1182,
      127863.2609,
      120255.1104,
      110475.9327,
      100713.7748,
      92705.2232,
      83877.1542,
      76138.6063,
      68498.9767,
      59208.4715,
      52676.1167,
      46829.7913,
      40516.5752,
      33165.0977,
      26425.5196,
      21441.2357,
      16624.0703,
      12073.9381,
      8764.4021,
      6449.2058,
      3884.3092,
      2482.2148,
      1490.6789,
      491.511,
      571.7061,
      422.5144,
      228.784,
      174.567,
      175.8388,
      229.5708,
      205.0691,
      177.1842,
      92.0261,
      145.6835,
      137.0187,
      96.3613,
      76.8821,
      119.7976,
      119.1647,
      62.3155,
      82.0931,
      63.2469,
      104.9591,
      85.5231,
      78.2121,
      78.7294,
      96.3165,
      96.3397,
      98.7763,
      42.5266,
      97.089,
      107.2021,
      69.9105,
      61.2289,
      93.7074,
      55.497,
      83.0064,
      90.4586,
      94.8509,
      100.9188,
      41.3445,
      82.6006,
      68.5879,
      69.6186,
      66.056,
      107.9147,
      80.7281,
      41.4865,
      45.183,
      47.6453,
      81.8068,
      81.5377,
      87.939,
      43.6998,
      42.7412,
      60.1305,
      74.3292,
      29.5371,
      40.5656,
      54.6026,
      47.8519,
      42.8036,
      51.5659,
      38.9445,
      68.0873,
      57.1509,
      39.7738,
      52.8457,
      39.2567,
      44.9285,
      41.1003,
      56.6789,
      64.7326,
      42.6476,
      29.9413,
      35.9042,
      76.486,
      38.5524,
      47.8212,
      57.6075,
      57.2151,
      53.3462,
      34.7391,
      48.4165,
      45.6245,
      54.7002,
      58.0829,
      42.8694
    ],
    "lr_history": [
      0.001,
      0.001,
      0.001,
      0.001,
      0.001,
      0.001,
      0.001,
      0.001,
      0.001,
      0.001,
      0.001,
      0.001,
      0.001,
      0.001,
      0.001,
      0.001,
      0.001,
      0.001,
      0.001,
      0.001,
      0.001,
      0.001,
      0.001,
      0.001,
      0.001,
      0.001,
      0.001,
      0.001,
      0.001,
      0.001,
      0.001,
      0.001,
      0.001,
      0.001,
      0.001,
      0.001,
      0.001,
      0.001,
      0.001,
      0.001,
      0.001,
      0.001,
      0.001,
      0.001,
      0.001,
      0.001,
      0.001,
      0.001,
      0.001,
      0.001,
      0.001,
      0.001,
      0.001,
      0.001,
      0.001,
      0.001,
      0.001,
      0.001,
      0.001,
      0.001,
      0.001,
      0.001,
      0.001,
      0.001,
      0.001,
      0.001,
      0.001,
      0.001,
      0.001,
      0.001,
      0.001,
      0.001,
      0.001,
      0.001,
      0.001,
      0.001,
      0.001,
      0.001,
      0.001,
      0.001,
      0.001,
      0.001,
      0.001,
      0.001,
      0.001,
      0.001,
      0.001,
      0.001,
      0.0003,
      0.0003,
      0.0003,
      0.0003,
      0.0003,
      0.0003,
      0.0003,
      0.0003,
      0.0003,
      0.0003,
      0.0003,
      0.0003,
      0.0003,
      0.0003,
      0.0003,
      0.0003,
      0.0003,
      8.999999999999999e-05,
      8.999999999999999e-05,
      8.999999999999999e-05,
      8.999999999999999e-05,
      8.999999999999999e-05,
      8.999999999999999e-05,
      8.999999999999999e-05,
      8.999999999999999e-05,
      8.999999999999999e-05,
      8.999999999999999e-05,
      8.999999999999999e-05,
      8.999999999999999e-05,
      8.999999999999999e-05,
      8.999999999999999e-05
    ]
  },
  "best_model": "XGBoost"
}