{
  "dataset": {
    "total_samples": 9527,
    "features": [
      "AT",
      "V",
      "AP",
      "RH"
    ],
    "target": "PE",
    "train_size": 6668,
    "val_size": 1429,
    "test_size": 1430
  },
  "feature_ranges": {
    "AT": {
      "min": 1.81,
      "max": 37.11,
      "mean": 19.65822504461006,
      "std": 7.444397078136742
    },
    "V": {
      "min": 25.36,
      "max": 81.56,
      "mean": 54.29342080403065,
      "std": 12.686309009374435
    },
    "AP": {
      "min": 992.89,
      "max": 1033.3,
      "mean": 1013.2370840768342,
      "std": 5.9405260647572895
    },
    "RH": {
      "min": 25.56,
      "max": 100.16,
      "mean": 73.33495119135091,
      "std": 14.60751325291208
    }
  },
  "ann_config": {
    "architecture": "4 -> 128 -> BN -> ReLU -> D(0.2) -> 64 -> BN -> ReLU -> D(0.2) -> 32 -> ReLU -> 1",
    "optimizer": "Adam",
    "learning_rate": 0.001,
    "batch_size": 64,
    "best_epoch": 51,
    "total_params": 11393
  },
  "model_results": {
    "ANN (PyTorch)": {
      "MAE": 8.0818,
      "MSE": 98.3957,
      "RMSE": 9.9195,
      "R2": 0.6698,
      "MAPE": 1.78
    },
    "Linear Regression": {
      "MAE": 3.58,
      "MSE": 19.8951,
      "RMSE": 4.4604,
      "R2": 0.9332,
      "MAPE": 0.79
    },
    "SVR (RBF)": {
      "MAE": 2.876,
      "MSE": 13.8903,
      "RMSE": 3.727,
      "R2": 0.9534,
      "MAPE": 0.63
    },
    "Random Forest": {
      "MAE": 2.2974,
      "MSE": 9.8442,
      "RMSE": 3.1375,
      "R2": 0.967,
      "MAPE": 0.51
    },
    "XGBoost": {
      "MAE": 2.2635,
      "MSE": 9.2144,
      "RMSE": 3.0355,
      "R2": 0.9691,
      "MAPE": 0.5
    }
  },
  "feature_importance": {
    "AT": 0.894,
    "V": 0.0679,
    "AP": 0.0196,
    "RH": 0.0185
  },
  "training_history": {
    "train_losses": [
      200675.5204,
      152406.4931,
      60885.2697,
      9318.288,
      2675.5615,
      2290.4537,
      2134.621,
      2113.5126,
      1986.1515,
      2065.3271,
      1926.013,
      1824.6813,
      1884.4326,
      1852.3831,
      1905.0383,
      1857.7806,
      1815.8251,
      1788.1333,
      1741.3352,
      1762.0562,
      1810.3717,
      1804.047,
      1754.8064,
      1705.5663,
      1712.226,
      1727.3653,
      1649.095,
      1636.784,
      1681.2884,
      1622.9142,
      1573.6884,
      1611.0388,
      1619.7871,
      1595.9039,
      1538.3751,
      1564.5288,
      1551.2399,
      1584.6236,
      1535.4622,
      1559.3943,
      1563.3477,
      1566.722,
      1503.5683,
      1562.2998,
      1476.5998,
      1547.2102,
      1461.1491,
      1500.3914,
      1506.5386,
      1482.216,
      1475.2135,
      1445.0443,
      1455.3945,
      1460.7378,
      1479.6264,
      1418.9337,
      1452.791,
      1454.7573,
      1405.7469,
      1422.5464,
      1399.7902,
      1414.3639,
      1415.0894,
      1410.2985,
      1406.7018,
      1398.9594,
      1446.9118,
      1409.1922,
      1345.0695,
      1379.212,
      1354.0388
    ],
    "val_losses": [
      187419.2133,
      110598.0951,
      23079.1495,
      1274.083,
      619.5033,
      445.0504,
      403.8705,
      264.2069,
      276.0026,
      339.1647,
      222.5487,
      276.3035,
      250.4212,
      189.0207,
      135.1528,
      168.9778,
      330.1656,
      172.0188,
      181.2708,
      357.4136,
      151.9883,
      119.1535,
      231.927,
      148.1433,
      160.285,
      241.3317,
      150.6613,
      192.9214,
      225.7608,
      146.3804,
      178.0974,
      148.3541,
      126.4094,
      145.139,
      117.3773,
      124.1935,
      155.163,
      133.8008,
      123.2054,
      140.0983,
      121.0156,
      123.2942,
      116.1489,
      118.0017,
      115.8647,
      119.2426,
      155.3106,
      142.517,
      121.0397,
      148.459,
      98.6723,
      160.5107,
      124.7413,
      120.2785,
      172.4035,
      130.8818,
      116.936,
      121.3405,
      141.0785,
      100.0299,
      122.7516,
      120.5862,
      118.3765,
      134.8444,
      102.6577,
      122.3783,
      138.3345,
      116.6722,
      127.2316,
      143.4296,
      125.2195
    ],
    "lr_history": [
      0.001,
      0.001,
      0.001,
      0.001,
      0.001,
      0.001,
      0.001,
      0.001,
      0.001,
      0.001,
      0.001,
      0.001,
      0.001,
      0.001,
      0.001,
      0.001,
      0.001,
      0.001,
      0.001,
      0.001,
      0.001,
      0.001,
      0.001,
      0.001,
      0.001,
      0.001,
      0.001,
      0.001,
      0.001,
      0.001,
      0.001,
      0.001,
      0.001,
      0.0005,
      0.0005,
      0.0005,
      0.0005,
      0.0005,
      0.0005,
      0.0005,
      0.0005,
      0.0005,
      0.0005,
      0.0005,
      0.0005,
      0.0005,
      0.0005,
      0.0005,
      0.0005,
      0.0005,
      0.0005,
      0.0005,
      0.0005,
      0.0005,
      0.0005,
      0.0005,
      0.0005,
      0.0005,
      0.0005,
      0.0005,
      0.0005,
      0.0005,
      0.00025,
      0.00025,
      0.00025,
      0.00025,
      0.00025,
      0.00025,
      0.00025,
      0.00025,
      0.00025
    ]
  },
  "best_model": "XGBoost"
}